{"Ciutat Vella": {"const": 117.49556582758842, "superficie": 14.299155981720885, "baths": 194.48179616194935, "habitaciones": -115.38774564209214}, "Eixample": {"const": 305.904952617571, "superficie": 13.063585169449407, "baths": 310.3499830586866, "habitaciones": -197.9429115334758}, "Gracia": {"const": 161.55724257307313, "superficie": 16.30056557168284, "baths": 130.61172474143595, "habitaciones": -147.4779109175414}, "Horta": {"const": 362.6359480590699, "superficie": 6.212989422041257, "baths": 140.89055496462362, "habitaciones": -27.61170618863776}, "Les Corts": {"const": -1.871503336205734, "superficie": 9.207353845618282, "baths": 450.68201817280067, "habitaciones": -80.74162883361653}, "Nou Barris": {"const": 285.568927316083, "superficie": 10.424412236713922, "baths": -51.42060208090018, "habitaciones": -48.16088106645789}, "Sant Andreu": {"const": 357.1944345594542, "superficie": 7.886731044261671, "baths": 35.97377367202843, "habitaciones": -32.72807656777285}, "Sant Marti": {"const": -626.7458704314075, "superficie": 15.452048305174985, "baths": 703.5020203070856, "habitaciones": -100.56536852504135}, "Sants Montjuic": {"const": 475.48171012341845, "superficie": 7.02884147936236, "baths": 40.32476663315674, "habitaciones": -17.263973737550305}, "Sarria": {"const": 105.65203560886484, "superficie": 15.530814073406601, "baths": 62.9404655822955, "habitaciones": -49.92523976884638}}