{"Ciutat Vella": {"const": 864.8879015514493, "superficie": -7.849411001275716, "baths": -51.000513560196545, "habitaciones": 97.68435396730858}, "Eixample": {"const": 629.4268375953927, "superficie": -1.5382608177713804, "baths": -171.37853852391078, "habitaciones": -4.695495932071876}, "Gracia": {"const": 814.3483932096048, "superficie": -5.982478129314964, "baths": -63.154226900055924, "habitaciones": 41.563447634405044}, "Horta": {"const": 861.0150330149595, "superficie": -4.382052843337642, "baths": -45.14903478048622, "habitaciones": 47.12146178469691}, "Les Corts": {"const": 721.5936489464527, "superficie": -0.5111494441601213, "baths": -89.09922897689424, "habitaciones": -79.77121517030497}, "Nou Barris": {"const": 992.280681341697, "superficie": -8.765179299552067, "baths": -59.39347461467034, "habitaciones": 113.43810127556665}, "Sant Andreu": {"const": 1089.4505805728008, "superficie": -2.796135733637156, "baths": -274.51057013066253, "habitaciones": 55.24192252471704}, "Sant Marti": {"const": 766.374447949332, "superficie": -1.79276633689313, "baths": -267.08213695548415, "habitaciones": 31.194817613660764}, "Sants Montjuic": {"const": 1137.266241952641, "superficie": -9.092321093850678, "baths": -92.56603025611732, "habitaciones": 62.49845268817116}, "Sarria": {"const": 465.3311893612892, "superficie": 0.2692526060031633, "baths": -89.14817191150502, "habitaciones": -57.96078958470023}}